{
  "logistic_regression": {
    "roc_auc": 0.8247188396489875,
    "pr_auc": 0.602744745785101,
    "precision": 0.39476663183559735,
    "recall": 0.7638297872340425,
    "f1": 0.5134099540405817
  },
  "random_forest": {
    "roc_auc": 0.8154362264722655,
    "pr_auc": 0.560430155226047,
    "precision": 0.39742033235581625,
    "recall": 0.7426418439716311,
    "f1": 0.5170891599373518
  },
  "xgboost": {
    "roc_auc": 0.8349231500487543,
    "pr_auc": 0.6233711816229466,
    "precision": 0.47928293852947706,
    "recall": 0.7086879432624114,
    "f1": 0.5672898288414098
  },
  "lightgbm": {
    "roc_auc": 0.8193869579157932,
    "pr_auc": 0.5823911373863976,
    "precision": 0.47022495279792087,
    "recall": 0.7176418439716312,
    "f1": 0.5660055774095596
  }
}